Model,img
"	Mercedes GLB",https://imgd.aeplcdn.com/642x336/n/6h6tf0b_1627069.jpg?q=80
"	Mercedes AMG C63 Coupe",https://www.supercars.net/blog/wp-content/uploads/2020/11/2011-Mercedes-Benz-C63-AMG-Coupe-001-1440.jpg
Mercedes CLS Coupe,https://www.edmunds.com/assets/m/mercedes-benz/cls-class/2016/oem/2016_mercedes-benz_cls-class_sedan_amg-cls63-s-4matic_fq_oem_1_600.jpg
Mercedes AMG CLA 45,https://i.pinimg.com/736x/db/1f/41/db1f4187e46935c112d80245dd5ed685.jpg
"	Mercedes EQB",https://ackodrive-assets.ackodrive.com/media/test_RnSMhXR.jpeg
Mercedes AMG GT 4-Door Coupe,"https://images.netdirector.co.uk/gforces-auto/image/upload/q_auto,c_fill,f_auto,fl_lossy/auto-client/210f9445e7e718528226545aee49f441/gt4doorcoupe.png"
"	Mercedes S-Class",https://4kwallpapers.com/images/walls/thumbs_3t/5555.jpeg
"	Mercedes EDQ Sedan","https://images.netdirector.co.uk/gforces-auto/image/upload/q_auto,c_fill,f_auto,fl_lossy/auto-client/bab5665a7d7cb8ba5fd25004db675050/eqe.png"
"	Mercedes GLC Coupe",https://admin.msmgroup.mn/wp-content/uploads/2023/04/GLC-Coupe.png
"	Mercedes AMG C63 S",https://file.kelleybluebookimages.com/kbb/base/evox/CP/13418/2021-Mercedes-Benz-Mercedes-AMG%20C-Class-front_13418_032_2400x1800_149.png
"Mercedes GLE Coupe	",https://purepng.com/public/uploads/large/purepng.com-mercedes-benz-gle-coupe-white-carcarvehicletransportmercedes-benz-961524660217nch4l.png
"	Mercedes E-Class",https://www.e-classforum.com/attachments/high-tech-silver-metallic-jpg.1/
"	Mercedes AMG E63 S",https://4kwallpapers.com/images/walls/thumbs_3t/11042.jpg
"	Mercedes GLA","https://images.netdirector.co.uk/gforces-auto/image/upload/q_auto,c_fill,f_auto,fl_lossy/auto-client/47e8ec29dc145bb57bc76d144522c084/gla.png"
"	Mercedes CLA Coupe",https://www.mercedes-benz-ghana.com/media/gamme/modeles/slides/graph/75-wallpaper.jpg
"	Mercedes GLE",https://i.pinimg.com/736x/26/6e/42/266e42ad31b3c18c998ac0fd2d71d286.jpg
,
Mercedes EQE SUV,"https://images.netdirector.co.uk/gforces-auto/image/upload/q_auto,c_fill,f_auto,fl_lossy/auto-client/2516bde9886fa960124b0c65d69225a7/eqe350_.png"
"	Mercedes AMG SL 63",https://i.pinimg.com/736x/c5/51/43/c55143aac227737fbef922d053bbe074.jpg
Mercedes EQA ,https://rk.mb-qr.com/media/thumbnails/cards/Front_sgHtdaX.png.1000x1000_q95.png
"	Mercedes-Benz Kamloops",https://img.sm360.ca/ir/w640h333c/images/newcar/ca/2025/mercedes-benz/sl/63/roadster/exteriorColors/2025_mercedes-benz_sl_1-63_ext_032_054-740.png
Mercedes CLE Coupe,https://images.hgmsites.net/lrg/2025-mercedes-benz-cle-class-cle-300-4matic-coupe-angular-front-exterior-view_100961221_l.webp
"Mercedes GLC	",https://assets-clean.local-car-finder.com/images/14854/14854_cc2400_032_799.png
"Mercedes GLS	",https://images.hgmsites.net/lrg/2022-mercedes-benz-gls-class-gls-450-4matic-suv-angular-front-exterior-view_100826929_l.jpg
"	Mercedes C-Class Coupe",https://imgcdn.zigwheels.ph/large/gallery/color/22/729/mercedes-benz-c-class-coupe-color-697477.jpg
"	Mercedes A-Class Sedan",https://ymimg1.b8cdn.com/resized/car_model/11440/logo/listing_main_01.jpg
